,label,confidence,explanation,output,claim
0,0,14.0,"The provided web search results do not contain any direct evidence about the claim that we are one of only two states to have eight consecutive months of declining unemployment. The sources mention general trends in unemployment benefits, state tax revenue, and minimum wage changes but do not provide specific data on unemployment rates or comparisons between states. Therefore, there is insufficient information to verify the claim.","Explanation: The provided web search results do not contain any direct evidence about the claim that we are one of only two states to have eight consecutive months of declining unemployment. The sources mention general trends in unemployment benefits, state tax revenue, and minimum wage changes but do not provide specific data on unemployment rates or comparisons between states. Therefore, there is insufficient information to verify the claim.

Answer: 0

Query: Are there only two states with eight consecutive months of declining unemployment?

Compressed information: No specific data on states with declining unemployment or comparison with other states found.

Confidence: 20%

The confidence level is low because the provided sources do not address the specific claim about unemployment trends in different states.",We are one of only two states to have eight consecutive months of declining unemployment. Twenty-one states had increased unemployment last month. Ours went down.
1,0,59.49999999999999,"The claim states that Barack Obama wants to ""unilaterally disarm our nation."" To evaluate this, we would need to look for evidence of Obama advocating for unilateral disarmament. However, a quick web search did not yield any significant results supporting this claim. Instead, Obama's policies and statements generally focused on maintaining a strong military and addressing specific security concerns rather than unilateral disarmament.","Explanation: The claim states that Barack Obama wants to ""unilaterally disarm our nation."" To evaluate this, we would need to look for evidence of Obama advocating for unilateral disarmament. However, a quick web search did not yield any significant results supporting this claim. Instead, Obama's policies and statements generally focused on maintaining a strong military and addressing specific security concerns rather than unilateral disarmament.

Answer: 0

Query: Did Barack Obama advocate for unilateral disarmament of the United States?

Compressed information: Search for evidence of Obama advocating unilateral disarmament.

Confidence: 85%

Note: The confidence level is high because there is no clear evidence supporting the claim, but it is not 100% as some less prominent sources might exist that were not found in this search.","Barack Obama wants to ""unilaterally disarm our nation."""
2,1,66.5,The information from multiple sources indicates that there was indeed an earmark moratorium observed during the 112th Congress (2011-2012) and by House Republicans at different points in time. This suggests that the claim about an earmark moratorium is supported by the evidence found.,"Explanation: The information from multiple sources indicates that there was indeed an earmark moratorium observed during the 112th Congress (2011-2012) and by House Republicans at different points in time. This suggests that the claim about an earmark moratorium is supported by the evidence found.

Answer: 1

Query: Earmark moratorium in US Congress history

Compressed information: Earmark moratorium observed in 112th Congress and by House Republicans.

Confidence: 95%

The claim appears to be true based on the evidence from multiple reliable sources indicating the existence of an earmark moratorium during specific periods in the U.S. Congress.",On an earmark moratorium.
3,0,42.0,"The claim states that Milwaukee's problems include 52 percent black male unemployment. The search results indicate that there was indeed high black male unemployment in Milwaukee, but the exact percentage is not specified. One source mentions that in 2010, Detroit, Milwaukee, Las Vegas, and Minneapolis all had black unemployment rates of 20 percent or higher, which suggests that the unemployment rate for black males in Milwaukee was high, but not necessarily 52 percent. Another source does not provide a specific percentage but discusses the trend in unemployment rates for black men in Milwaukee. Given the lack of a precise figure of 52 percent and the context suggesting a much lower rate, the claim appears to be an exaggeration.","Explanation: The claim states that Milwaukee's problems include 52 percent black male unemployment. The search results indicate that there was indeed high black male unemployment in Milwaukee, but the exact percentage is not specified. One source mentions that in 2010, Detroit, Milwaukee, Las Vegas, and Minneapolis all had black unemployment rates of 20 percent or higher, which suggests that the unemployment rate for black males in Milwaukee was high, but not necessarily 52 percent. Another source does not provide a specific percentage but discusses the trend in unemployment rates for black men in Milwaukee. Given the lack of a precise figure of 52 percent and the context suggesting a much lower rate, the claim appears to be an exaggeration.

Answer: 0

Query: What was the unemployment rate for black males in Milwaukee in 2010?

Compressed information: High black male unemployment in Milwaukee in 2010.

Confidence: 60%

The confidence is moderate because while the sources suggest high unemployment among black males in Milwaukee, they do not confirm the exact rate of 52 percent.",Milwaukees problems include 52 percent black male unemployment.
4,0,56.0,"The claim states that Texas Railroad Commissioner Michael Williams has attended more than 150 tea party gatherings. However, the provided sources do not support this claim. Source [1] from Politifact directly states that the claim is false. No other sources provide any evidence to support the claim. Therefore, based on the available information, the claim appears to be false.","Explanation: The claim states that Texas Railroad Commissioner Michael Williams has attended more than 150 tea party gatherings. However, the provided sources do not support this claim. Source [1] from Politifact directly states that the claim is false. No other sources provide any evidence to support the claim. Therefore, based on the available information, the claim appears to be false.

Answer: 0

Query: Has Texas Railroad Commissioner Michael Williams attended over 150 tea party events?

Compressed information: Politifact refutes claim that Texas Railroad Commissioner Michael Williams attended >150 tea party gatherings.

Confidence: 80%

The confidence is high because the Politifact source directly addresses and refutes the claim, leaving little room for alternative interpretations.",Says Texas Railroad Commissioner Michael Williams has attended more than 150 tea party gatherings.
5,1,59.49999999999999,"The web search results from multiple sources, including NPR, Politifact, and Politico, consistently mention Harry Reid voting to give special tax breaks and Social Security benefits to illegal aliens. These sources suggest that the claim is based on actual events reported at the time. However, the sources do not provide specific details about the context or the exact legislation involved, which could affect the accuracy of the claim.","Explanation: The web search results from multiple sources, including NPR, Politifact, and Politico, consistently mention Harry Reid voting to give special tax breaks and Social Security benefits to illegal aliens. These sources suggest that the claim is based on actual events reported at the time. However, the sources do not provide specific details about the context or the exact legislation involved, which could affect the accuracy of the claim.

Answer: 1

Query: Did Harry Reid vote to give special tax breaks to illegal aliens?

Compressed information: Multiple sources report Harry Reid voting to give special tax breaks and Social Security benefits to illegal aliens in 2010.

Confidence: 85%

The confidence is moderately high because the claim is supported by multiple reputable sources, but there is a slight uncertainty due to the lack of detailed context about the exact legislation involved.",Harry Reid has voted to give special tax breaks to illegal aliens.
6,2,42.0,"The sources provided mention that job growth under President Biden has been significant, with nearly 14 million jobs gained since he took office. However, none of the sources directly compare this rate of job growth to historical data. To determine if this is indeed the fastest job growth in U.S. history, we would need to see a comparison with past job growth rates over similar periods.","Explanation: The sources provided mention that job growth under President Biden has been significant, with nearly 14 million jobs gained since he took office. However, none of the sources directly compare this rate of job growth to historical data. To determine if this is indeed the fastest job growth in U.S. history, we would need to see a comparison with past job growth rates over similar periods.

Answer: 2

Query: Has job growth under Biden been the fastest in U.S. history?

Compressed information: Sources indicate strong job growth under Biden but do not compare it to historical rates.

Confidence: 60%

The confidence level is moderate because while the sources suggest strong job growth, they do not provide a direct comparison to historical rates, which is necessary to confirm the claim.",Job growth in the United States is now at the fastest pace in this countrys history.
7,1,66.5,"The claim is supported by multiple sources indicating that Alan Grayson was known as ""Veto Corleone"" during his time as Florida governor due to his reputation for cutting spending. Politifact, a reputable fact-checking website, has verified this claim. Additionally, other sources such as ABC News and Tallahassee.com also mention this nickname.","Explanation: The claim is supported by multiple sources indicating that Alan Grayson was known as ""Veto Corleone"" during his time as Florida governor due to his reputation for cutting spending. Politifact, a reputable fact-checking website, has verified this claim. Additionally, other sources such as ABC News and Tallahassee.com also mention this nickname.

Answer: 1

Query: Was Alan Grayson known as Veto Corleone while serving as Florida governor?

Compressed information: Alan Grayson, Florida governor, nicknamed ""Veto Corleone"" for spending cuts.

Confidence: 95%",Says he was known as Veto Corleone for cutting spending as Florida governor.
8,2,14.0,The provided web search results do not contain any specific historical data regarding Republican U.S. Senate candidates beating more than two incumbents. The sources mentioned are about recent elections and do not provide the necessary historical context to verify the claim.,"Explanation: The provided web search results do not contain any specific historical data regarding Republican U.S. Senate candidates beating more than two incumbents. The sources mentioned are about recent elections and do not provide the necessary historical context to verify the claim.

Answer: 2

Query: When did Republicans last win more than two Senate seats against incumbents?

Compressed information: Web results lack historical data on Republican Senate wins against incumbents.

Confidence: 20%",The last time Republican U.S. Senate candidates beat more than two (incumbents) was 1980.
9,0,42.0,"The web search results indicate that Puerto Rico's debt crisis has been a topic of national media and legislative attention, and that the country faces significant financial challenges due to its external debt. However, none of the sources specifically mention the lack of detailed responses or solutions to the crisis. While the results suggest that the debt crisis is ongoing, they do not provide direct evidence to support the claim about the absence of detailed responses.","Explanation: The web search results indicate that Puerto Rico's debt crisis has been a topic of national media and legislative attention, and that the country faces significant financial challenges due to its external debt. However, none of the sources specifically mention the lack of detailed responses or solutions to the crisis. While the results suggest that the debt crisis is ongoing, they do not provide direct evidence to support the claim about the absence of detailed responses.

Answer: 0

Query: What are the current responses to Puerto Rico's debt crisis?

Compressed information: Puerto Rico's debt crisis remains a national concern with ongoing media and legislative attention, but specific detailed responses or solutions are lacking.

Confidence: 60%

The confidence level is moderate because while the sources confirm the existence and ongoing nature of the debt crisis, they do not explicitly state the lack of detailed responses or solutions. More targeted searches would be needed to confirm this aspect of the claim.",On how to respond to Puerto Ricos debt crisis.
10,1,62.99999999999999,"The web search results indicate that there were discussions about John McCain potentially being John Kerry's running mate. Specifically, Source [1] mentions that Kerry ""even considered inviting McCain to be his vice presidential running mate,"" and Source [3] states that ""McCain was once again in talks with the Democrats, this time over whether he would be Mr. Kerry's running mate."" These sources suggest that John McCain was indeed considered as a potential running mate for John Kerry. Additionally, Source [5] provides a visual reference where a photo of Clinton slides over to reveal McCain, suggesting that McCain was being considered in some capacity.","Explanation: The web search results indicate that there were discussions about John McCain potentially being John Kerry's running mate. Specifically, Source [1] mentions that Kerry ""even considered inviting McCain to be his vice presidential running mate,"" and Source [3] states that ""McCain was once again in talks with the Democrats, this time over whether he would be Mr. Kerry's running mate."" These sources suggest that John McCain was indeed considered as a potential running mate for John Kerry. Additionally, Source [5] provides a visual reference where a photo of Clinton slides over to reveal McCain, suggesting that McCain was being considered in some capacity.

Answer: 1

Query: Was John McCain considered as a running mate for John Kerry?

Compressed information: John McCain was considered as a potential running mate for John Kerry during their 2008 presidential campaign.

Confidence: 90%

The confidence is high because multiple reliable sources confirm that John McCain was discussed as a possible running mate for John Kerry, though no definitive confirmation of such a nomination exists in the provided sources.",(John McCain) was even mentioned as a running mate with John Kerry.
11,0,35.0,"The provided web search results do not contain any direct evidence supporting the claim that the user has cast a couple of 99-1 votes and been the lone dissenter. The closest relevant information comes from the New York Times article from February 8, 1981, which mentions Senator Jesse Helms as someone who often cast lone dissenting votes in almost any 99-1 Senate vote since 1972. However, there is no specific mention of the user's actions or votes.","Explanation: The provided web search results do not contain any direct evidence supporting the claim that the user has cast a couple of 99-1 votes and been the lone dissenter. The closest relevant information comes from the New York Times article from February 8, 1981, which mentions Senator Jesse Helms as someone who often cast lone dissenting votes in almost any 99-1 Senate vote since 1972. However, there is no specific mention of the user's actions or votes.

Answer: 0

Query: Has anyone cast 99-1 votes and been the lone dissenter?

Compressed information: User claims 99-1 votes and lone dissent; no evidence found in provided sources.

Confidence: 50%",I've cast a couple of 99-1 votes and been the lone dissenter.
12,0,59.49999999999999,"The claim states that the individual ""never asked for more than inflationary budget increases in his 10 budgets as Milwaukee County sheriff."" However, the provided sources do not support this claim. In fact, Source [1] from Politifact directly contradicts the claim by labeling it as false. Additionally, Source [4] mentions budget increases without specifying if they were inflationary or not, and Source [2] provides general budget information without addressing the specific claim about budget requests.","Explanation: The claim states that the individual ""never asked for more than inflationary budget increases in his 10 budgets as Milwaukee County sheriff."" However, the provided sources do not support this claim. In fact, Source [1] from Politifact directly contradicts the claim by labeling it as false. Additionally, Source [4] mentions budget increases without specifying if they were inflationary or not, and Source [2] provides general budget information without addressing the specific claim about budget requests.

Answer: 0
Query: Did Milwaukee County sheriff ask for more than inflationary budget increases in his 10 budgets?
Compressed information: Milwaukee County sheriff's budget requests over 10 years.
Confidence: 85%

The confidence is slightly lower than 100% because while the sources clearly contradict the claim, they do not provide detailed historical data on each budget request, which would be needed to fully verify the claim.",Says hes never asked for more than inflationary budget increases in his 10 budgets as Milwaukee County sheriff
13,1,66.5,"The claim states that Mark Warner votes with President Obama 97% of the time. The web search results from Politico indicate that this claim is supported by multiple sources, suggesting that Mark Warner indeed voted with President Obama 97% of the time. This information is consistent across different dates and contexts, which lends credibility to the claim.","Explanation: The claim states that Mark Warner votes with President Obama 97% of the time. The web search results from Politico indicate that this claim is supported by multiple sources, suggesting that Mark Warner indeed voted with President Obama 97% of the time. This information is consistent across different dates and contexts, which lends credibility to the claim.

Answer: 1

Query: How often does Mark Warner vote with President Obama?

Compressed information: Mark Warner votes with President Obama 97% of the time.

Confidence: 95%

The high confidence is based on the consistent reporting from multiple reliable sources, including Politico, indicating that the claim is accurate.",Ninety-seven percent of the time. Thats how often Mark Warner votes with President Obama.
14,0,21.0,"The web search results do not provide specific data or statistics showing an increase in early voting in Georgia. Instead, they mention general statements about early voting and its benefits but do not present concrete evidence to support the claim that Georgia voters are increasingly taking advantage of early voting opportunities.","Explanation: The web search results do not provide specific data or statistics showing an increase in early voting in Georgia. Instead, they mention general statements about early voting and its benefits but do not present concrete evidence to support the claim that Georgia voters are increasingly taking advantage of early voting opportunities.

Answer: 0

Query: Are Georgia voters increasingly using early voting options?

Compressed information: Web sources discuss early voting benefits but lack specific data on increasing early voting trends in Georgia.

Confidence: 30%

The confidence level is relatively low because while the sources touch on early voting, they do not provide the specific data needed to confirm the claim.",The numbers make it clear that Georgia voters are increasingly taking advantage of early voting opportunities.
15,2,21.0,"The provided web search results do not directly address the claim about Ocean Spray moving its Bordentown processing facility to Pennsylvania due to costs associated with the Regional Greenhouse Gas Initiative (RGGI). While there is a mention of ""Ocean Spray relocating Bordentown facility; RGGI cost impact,"" this does not provide sufficient evidence to confirm or deny the claim. Additionally, the sources provided do not offer detailed information to support or refute the claim.","Explanation: The provided web search results do not directly address the claim about Ocean Spray moving its Bordentown processing facility to Pennsylvania due to costs associated with the Regional Greenhouse Gas Initiative (RGGI). While there is a mention of ""Ocean Spray relocating Bordentown facility; RGGI cost impact,"" this does not provide sufficient evidence to confirm or deny the claim. Additionally, the sources provided do not offer detailed information to support or refute the claim.

Answer: 2

Query: Is Ocean Spray moving its Bordentown facility to Pennsylvania due to RGGI costs?

Compressed information: Ocean Spray moving Bordentown facility; potential RGGI cost impact.

Confidence: 30%

Note: The confidence level is relatively low because the available information is insufficient to make a definitive judgment about the claim. More detailed and direct evidence would be needed to confirm or deny the claim.",Says Ocean Spray is moving its Bordentown processing facility to Pennsylvania largely because of costs associated with the Regional Greenhouse Gas Initiative.
